{"stats":{"minecraft:picked_up":{"minecraft:wheat_seeds":2,"minecraft:dirt":1},"minecraft:mined":{"minecraft:grass_block":1},"minecraft:used":{"minecraft:dirt":1},"minecraft:custom":{"minecraft:jump":61,"minecraft:time_since_rest":6967,"minecraft:leave_game":1,"minecraft:crouch_one_cm":91,"minecraft:deaths":1,"minecraft:damage_dealt":100,"minecraft:sprint_one_cm":2277,"minecraft:play_time":10849,"minecraft:damage_taken":435,"minecraft:time_since_death":6096,"minecraft:walk_one_cm":8346,"minecraft:sneak_time":12,"minecraft:total_world_time":10849,"minecraft:fall_one_cm":687,"minecraft:fly_one_cm":3344},"minecraft:killed_by":{"minecraft:player":1}},"DataVersion":3465}