{"stats":{"minecraft:crafted":{"minecraft:stick":4,"minecraft:wooden_pickaxe":1,"minecraft:furnace":1,"minecraft:acacia_planks":12,"minecraft:cooked_mutton":1},"minecraft:picked_up":{"minecraft:crafting_table":1,"minecraft:stick":15,"minecraft:coarse_dirt":4,"minecraft:wooden_pickaxe":1,"minecraft:acacia_log":4,"minecraft:potato":1,"minecraft:amethyst_shard":17,"minecraft:dirt":12,"minecraft:cooked_mutton":3,"simplyswords:iron_scythe":1,"minecraft:wheat_seeds":7,"minecraft:crossbow":1,"minecraft:moss_block":2,"minecraft:mangrove_propagule":1,"minecraft:cobblestone":40},"minecraft:mined":{"minecraft:acacia_leaves":4,"minecraft:coarse_dirt":1,"minecraft:grass":21,"minecraft:acacia_log":3,"minecraft:grass_block":6,"minecraft:dead_bush":2,"minecraft:dirt":4,"minecraft:stone":26,"minecraft:moss_block":2,"minecraft:cake":1},"minecraft:dropped":{"minecraft:wheat_seeds":1,"minecraft:crossbow":2,"minecraft:cooked_mutton":2},"minecraft:used":{"minecraft:cooked_mutton":2,"minecraft:mangrove_propagule":1,"minecraft:wooden_pickaxe":52,"minecraft:dirt":6,"minecraft:goat_horn":1,"minecraft:furnace":1,"minecraft:potato":1},"minecraft:custom":{"minecraft:time_since_rest":17683,"minecraft:interact_with_furnace":5,"minecraft:sprint_one_cm":109596,"minecraft:damage_taken":1055,"minecraft:walk_one_cm":141452,"minecraft:drop":5,"minecraft:damage_dealt":267,"minecraft:swim_one_cm":14700,"minecraft:interact_with_crafting_table":2,"minecraft:fly_one_cm":138893,"minecraft:open_barrel":9,"minecraft:open_chest":8,"minecraft:crouch_one_cm":579,"minecraft:play_time":64573,"minecraft:deaths":4,"minecraft:sneak_time":199,"minecraft:walk_under_water_one_cm":4571,"minecraft:jump":854,"minecraft:leave_game":1,"minecraft:time_since_death":17598,"minecraft:walk_on_water_one_cm":8262,"minecraft:total_world_time":64573,"minecraft:interact_with_smoker":1,"minecraft:climb_one_cm":948,"minecraft:fall_one_cm":24162},"minecraft:killed_by":{"minecraft:player":1,"minecraft:skeleton":1,"minecraft:zombie":1}},"DataVersion":3465}