{"stats":{"minecraft:killed":{"minecraft:player":1},"minecraft:picked_up":{"minecraft:moss_block":1,"minecraft:wheat_seeds":1,"minecraft:dirt":2},"minecraft:mined":{"minecraft:grass":21,"minecraft:grass_block":2,"minecraft:acacia_leaves":2,"minecraft:moss_block":1},"minecraft:used":{"minecraft:moss_block":1,"minecraft:dirt":2},"minecraft:custom":{"minecraft:jump":97,"minecraft:time_since_rest":5756,"minecraft:damage_taken":100,"minecraft:damage_dealt":429,"minecraft:leave_game":2,"minecraft:sprint_one_cm":4558,"minecraft:play_time":7923,"minecraft:walk_one_cm":10978,"minecraft:time_since_death":5728,"minecraft:deaths":1,"minecraft:total_world_time":7923,"minecraft:fall_one_cm":2570,"minecraft:fly_one_cm":9728,"minecraft:player_kills":1}},"DataVersion":3465}