{"stats":{"minecraft:crafted":{"minecraft:crafting_table":1,"minecraft:wooden_pickaxe":2,"minecraft:cooked_mutton":5,"minecraft:stick":16,"minecraft:acacia_planks":32},"minecraft:killed":{"minecraft:husk":1,"minecraft:sheep":3,"minecraft:pillager":1,"ribbits:ribbit":2,"minecraft:player":1},"minecraft:broken":{"minecraft:wooden_pickaxe":1},"minecraft:picked_up":{"minecraft:coarse_dirt":7,"minecraft:crafting_table":2,"minecraft:wheat":6,"minecraft:wooden_pickaxe":2,"minecraft:potato":3,"minecraft:dirt":15,"minecraft:string":4,"minecraft:red_bed":1,"minecraft:moss_carpet":2,"minecraft:cooked_mutton":2,"minecraft:experience_bottle":1,"minecraft:acacia_planks":20,"minecraft:wheat_seeds":8,"minecraft:moss_block":3,"minecraft:furnace":2,"minecraft:stick":16,"minecraft:sandstone":9,"minecraft:green_bed":1,"minecraft:acacia_log":10,"minecraft:amethyst_shard":42,"minecraft:goat_horn":1,"minecraft:tnt":4,"minecraft:arrow":7,"simplyswords:iron_scythe":1,"minecraft:crossbow":1,"minecraft:mangrove_roots":1,"minecraft:mangrove_propagule":1,"minecraft:mutton":6,"minecraft:white_wool":3,"minecraft:cobblestone":82},"minecraft:mined":{"minecraft:dark_oak_planks":1,"minecraft:acacia_leaves":5,"minecraft:red_bed":1,"minecraft:mangrove_roots":1,"minecraft:crafting_table":1,"minecraft:acacia_log":10,"minecraft:grass_block":5,"minecraft:dead_bush":1,"minecraft:tall_grass":5,"minecraft:moss_block":1,"minecraft:sandstone":13,"minecraft:coarse_dirt":3,"minecraft:furnace":1,"minecraft:moss_carpet":1,"minecraft:tnt":4,"minecraft:grass":52,"minecraft:sand":2,"minecraft:dirt":2,"minecraft:stone":30,"minecraft:tripwire":1,"minecraft:oak_leaves":1,"minecraft:green_bed":1},"minecraft:dropped":{"minecraft:cooked_mutton":3,"minecraft:potato":4},"minecraft:custom":{"minecraft:interact_with_furnace":3,"minecraft:mob_kills":8,"minecraft:interact_with_crafting_table":3,"minecraft:open_barrel":13,"minecraft:leave_game":2,"minecraft:time_since_death":21383,"minecraft:sleep_in_bed":1,"minecraft:climb_one_cm":1139,"minecraft:time_since_rest":21406,"minecraft:sprint_one_cm":107582,"minecraft:damage_taken":1270,"minecraft:walk_one_cm":165274,"minecraft:trigger_trapped_chest":1,"minecraft:drop":7,"minecraft:damage_dealt":2315,"minecraft:swim_one_cm":25944,"minecraft:player_kills":1,"minecraft:fly_one_cm":224134,"minecraft:open_chest":13,"minecraft:play_time":61788,"minecraft:deaths":4,"minecraft:sneak_time":5,"minecraft:walk_under_water_one_cm":6236,"minecraft:jump":1251,"minecraft:interact_with_blast_furnace":1,"minecraft:walk_on_water_one_cm":5993,"minecraft:total_world_time":61788,"minecraft:fall_one_cm":36320},"minecraft:used":{"minecraft:moss_block":1,"minecraft:cooked_mutton":4,"minecraft:wooden_pickaxe":87,"minecraft:dirt":5,"minecraft:crafting_table":1,"minecraft:red_bed":1,"simplyswords:iron_scythe":105,"minecraft:mangrove_roots":1,"minecraft:potato":17},"minecraft:killed_by":{"minecraft:skeleton":1,"minecraft:pillager":1}},"DataVersion":3465}